Name,Regular Price,Sale Price,Rating,Reviews,Size,Description,Category,Alcohol/Vol,Made In,By,Sugar Content,Varietal,Release Date,Lat,Lon,Savings
 Ruffino Prosecco Rose DOC,20,18,5,-2,  750 ml bottle ,"Ruffino has been at the forefront of Italian winemaking since 1877. This lovely prosecco ros√© is light pink and expresses approachable notes of strawberry, rose petals, red berries, and peach. A refreshingly crisp finish caps the medium-bodied and flavourful palate. Pair with grilled fish over a bed of rice.",Rose & Red Sparkling Wine,11%," Friuli,   Italy ",Ruffino Srl Wines,21,Sparkling,,45.4413,11.59666,2
 Josh Cellars Pinot Grigio,19.95,17.95,4.5,-17,  750 ml bottle ,"Josh Cellars is a renowned brand created to celebrate the founder's father. This delicious California Pinot Grigio is a new addition to their range of wines. It's fresh and bright, with flavours of quince, yellow berries backed up by hints of nuts and fresh bread. Sip on its own, or pair with grilled chicken or fish.",White Wine,12.50%," California,   United States ",Josh Cellars,3,Pinot Grigio,,36.7014631,-118.755997,2
 Collavini Pinot Grigio,16.55,14.55,4.5,-6,  750 ml bottle ,"This pinot grigio is a customer favourite, and it's easy to see why. It's pale straw, with inviting aromas of lemon, pear, and apple. The palate offers flavours of apricot, grapefruit and a hint of honey. It's light-bodied and crisp, with a palate-cleansing finish. Pair with mushroom risotto or grilled shrimp.",White Wine,12.50%," Veneto,   Italy ",Collavini,4,Pinot Grigio,,45.6476663,11.8665254,2
 Bottega Vino Dei Poeti Brut Rose,16,14.5,5,-4,  750 ml bottle ,"It pours a medium pink colour with an elegant mousse. On the nose, it offers strawberry and raspberry aromas with notes of pastry and a floral lift. The palate is dry and medium-bodied with soft ripe berry flavours and a fresh citrus finish.",Rose & Red Sparkling Wine,11.50%,  Italy ,Bottega,13,Sparkling Rose,,42.6384261,12.674297,1.5
 Peller Family Vineyards Pinot Grigio,10.95,9.95,5,-3,  750 ml bottle ,"Easy drinking, refreshing white wine, sourced from vineyards in Canada and around the world. Shows aromas of cantaloupe, yellow berries and pear with a hint of chocolate. Extra dry, medium-bodied with refreshing melon, berries and pear flavours. Perfect for casual sipping or pair with light fare, salads and appetizers.",White Wine,12%,  Canada ,Peller Family Vineyards,6,Pinot Grigio,,61.0666922,-107.991707,1
 Santa Julia Reserva Malbec,16,14,5,-5,  750 ml bottle ,"Deep red purple colour; aromas of plum, blackberry and cassis, with notes of honey, chocolate and blood orange; dry, medium-plus bodied, rich and plush on the palate, with balanced tannin structure, flavours of ripe black plum with notes of black currant, honey, coffee and citrus.",Red Wine,14.50%," Mendoza,   Argentina ",Santa Julia,2,Malbec,,-32.8894155,-68.8446177,2
 Babich Sauvignon Blanc,20,18,4.8,-6,  750 ml bottle ,"Pale yellow; floral, passion fruit, citrus and herbal notes; balanced acidity with bright passion fruit and citrus flavours.",White Wine,12.50%," Marlborough,   New Zealand ",Babich,5,Sauvignon Blanc,,-36.7846223,174.723989,2
 Liberty School Cabernet Sauvignon,24.95,22.95,4.6,-14,  750 ml bottle ,"The Hope family, owners of Liberty School, helped transform the 'wild west' of Paso Robles into a wine lover's destination thanks to wines like this rich Cab with its black fruit flavours. A real crowd-pleaser with barbecued fare or a meat-lovers' pizza.",Red Wine,13.50%," California,   United States ",Liberty School,7,Cabernet Sauvignon,"  April†1,†2021  ",36.7014631,-118.755997,2
 19 Crimes Snoop Dogg Cali Red,19.95,17.95,3.7,-63,  750 ml bottle ,"19 Crimes wines are defiant by nature, bold and always uncompromising, just like the D-O-double-G! Cali red was created as a collaboration with entertainment icon Snoop Dogg. This red blend exhibits bold and uncompromising dark berry fruit, spice and toasted oak tones, with a powerful yet smooth finish. Pair with bbq meats.",Red Wine,14.10%," California,   United States ",19 Crimes,21,Red Blend,,36.7014631,-118.755997,2
 Blu Giovello Pinot Grigio,15,13,4,-4,  750 ml bottle ,"Produced in north-eastern Italy in the region of Friuli, it's a pale-coloured, clean and refreshing wine. The bouquet opens with distinct notes of quince, fruit blossom, nuts, spice and candy. Medium-minus body and fresh on the palate with more tree fruit flavours and hints of spice that add balance to a clean finish.",White Wine,12%," Friuli,   Italy ",Blu Giovello,2,Pinot Grigio,,45.4413,11.59666,2
 Caliterra Sauvignon Blanc,11.95,10.95,5,-2,  750 ml bottle ,"Clear pale straw colour; minerally, citrus/lime, bell pepper, berry and mint aromas; extra dry, medium body with round flavour of citrus, bell pepper and berries, moderate finish.",White Wine,13%,  Chile ,Caliterra,2,Sauvignon Blanc,,-31.7613365,-71.3187697,1
 Casal Garcia Vinho Verde DO,13,12,4.9,-11,  750 ml bottle ,"The best selling vinho verde worldwide. Pale colour with a light effervescence. Delicate yeasty notes, with lemon/lime, herbal, floral and nutty aromas and flavours. Dry, crisp and fresh with a clean finish. Low in alcohol and quite refreshing. Ideal as an aperitif or paired with light fish or seafood and fresh salads.",White Wine,9.50%," Vinho Verde,   Portugal ",Casal Garcia,10,Loureiro,,41.06454465,-8.234845469,1
 Argento Estate Bottled Pinot Grigio,12,10,4,-4,  750 ml bottle ,Pale straw colour; peach and tropical fruit aromas; extra dry palate with medium body and crisp flavours.,White Wine,12.50%,  Argentina ,Argento,5,Pinot Grigio,,-34.9964963,-64.9672817,2
 Pelee Island Best in Show Pinot Grigio,11.95,9.95,3,-2,  750 ml bottle ,"No wonder this winery is the best in show - it has initiatives that work on rehabilitating surrounding forests in Peele Island. A pale straw wine with a bouquet of red apples, hazelnuts and a hint of vanilla. The body is medium with a balanced and crisp finish. This would match wonderfully with Fettuccine Alfredo.",White Wine,12.50%,  Canada ,Pelee Island Winery,10,Pinot Grigio,,61.0666922,-107.991707,2
 Solid Ground Cabernet Sauvignon,18.05,16.05,4.4,-13,  750 ml bottle ,"Solid Ground wines are easy-to-enjoy and contemporary in style. The Cab is a food-friendly wine that is medium to full bodied with ripe tannins and a lingering finish. Enjoy upfront spice, cedar, herbs and black plum fruit. This is a go-to wine for food pairing versatility. Pair with barbecued meats, game or carne asada.",Red Wine,14%," California,   United States ",Solid Ground,7,Cabernet Sauvignon,,36.7014631,-118.755997,2
 Chateau De Courteillac Bordeaux AOC,15.05,13.05,4.1,-8,  750 ml bottle ,"Well priced and well-made Chateau wine from Bordeaux. Bright ruby red colour. Aromas of rye bread, bell pepper and berries with savory meaty notes. Palate is extra dry, medium-minus body and rounded. Its fruity with a herbal edge and flavours of bell pepper, red currant and spice. Finish is well balanced with soft tannins.",Red Wine,12%," Bordeaux,   France ",Chateau de Courteillac,2,Bordeaux,,44.841225,-0.5800364,2
 Ogier Cotes Du Ventoux Rose AOC,15.85,13.85,4.4,-7,  750 ml bottle ,"From the south of the Rh√¥ne valley comes this bright summer sipper. It pours a delicate salmon colour followed by aromas that suggest watermelon, fresh bread with floral, red pear and plum notes. These juicy flavours continue on the extra dry palate with hints of melon and red plum, leading to a pleasant finish.",Rose Wine,12.50%," Rhone,   France ",Ogier,2,Rose,,45.8802348,4.56453363,2
 La Vieille Ferme Rose Ventoux AOC,14.95,12.95,4.7,-10,  750 ml bottle ,"Grapes grown on the slopes of France's Mont Ventoux ripen slowly at cooler temperatures, maintaining fruit flavours and fresh acidity. This wine is pale rose in colour, with upfront aromas of watermelon and red fruit. Extra dry and medium-bodied, with melon and red fruit flavours. Serve chilled with tarragon chicken.",Rose Wine,13%," Rhone,   France ",La Vieille Ferme,2,Rose,,45.8802348,4.56453363,2
 Louis M. Martini Sonoma County Cabernet Sauvignon,25.95,23.95,4.1,-27,  750 ml bottle ,"This is a wine that hangs its hat on providing a good-quality Cali Cab at an approachable price point. There's a lot to value here: generous ripe dark fruit, toasty oak, nutty and chocolate notes, with a fresh feel. Pair this with rib-eye steak.",Red Wine,14%," California,   United States ",Louis M. Martini,4,Cabernet Sauvignon,"  April†1,†2021  ",36.7014631,-118.755997,2
 Menage a† Trois Red,18,15,5,-6,  750 ml bottle ,"Celebrating the art of the blend! This wine features the beguiling trio of zinfandel, merlot and cabernet sauvignon, with upfront flavours of ripe fig, smoke and dark chocolate supported by plush tannins. Medium to full-bodied, flavourful, it's superb with grilled meat dishes, burgers or a gourmet grilled cheese sandwich.",Red Wine,13.50%," California,   United States ",Menage a† Trois,13,Blend,,36.7014631,-118.755997,3
 Monte Zovo Sa' Solin Valpolicella Ripasso Superiore DOC,22.95,20.95,5,-5,  750 ml bottle ,"Ripasso is all the rage these days. This one is full of chocolate, floral, and prune all integrated with wild honey and smoky notes. The upfront style makes this a very pleasant sipper, and it will also work splendidly with pizza or grilled meats.",Red Wine,14%," Veneto,   Italy ",Monte Zovo,12,Corvina Blend,"  April†1,†2022  ",45.6476663,11.8665254,2
 Pelee Island Best in Show Cabernet Sauvignon,11.95,9.95,5,-2,  750 ml bottle ,"No wonder this winery is the best in show - it has initiatives that work on the rehabilitation of surrounding forests in Peele Island. This dark ruby wine delivers aromatics of red berries, fresh currants and toasted oaky notes; dry, and medium-bodied with a full and balanced finish. Try pairing with Chili con carne.",Red Wine,13%,  Canada ,Pelee Island Winery,8,Cabernet Sauvignon,,61.0666922,-107.991707,2
 Ricasoli Rocca Guicciarda Riserva Chianti Classico,24.95,20.95,4.7,-3,  750 ml bottle ,"Barone Ricasoli is the oldest winery in Italy. It is here, in 1872, that the blend for Chianti was created. This one is ripe and layered, with red fruit, chestnut, floral notes, cedar and a fresh, food-friendly acidity. Pair this classic with another: try a Tuscan slow-simmered ragu al chingiale, or your favourite meaty pasta.",Red Wine,13.50%," Tuscany,   Italy ",Barone Ricasoli,2,Chianti,"  April†1,†2022  ",43.4586541,11.1389204,4
 Ruffino Chianti,17.6,15.6,4,-8,  750 ml bottle ,"Ruffino's original wine, and one of the world's most recognized Tuscan wines. The wine is extra dry, medium-bodied and well-structured. Enjoy aromas and flavours of chestnut, leather, rye bread and red berry fruit, with spicy notes and a touch of pepper.  Serve with wild boar ragu, grilled steak or roasted vegetables.",Red Wine,13%," Tuscany,   Italy ",Ruffino Chianti,2,Chianti,,43.4586541,11.1389204,2
 Santa Margherita Pinot Grigio,22.95,20.95,4.8,-9,  750 ml bottle ,"Vintages releases thousands of wines each year, and this is consistently a top seller. It put Pinot Grigio on the map with its refreshing quince, nuts, yellow pear and fresh pastry notes. A favourite with a plate of antipasti, grilled chicken or seafood salad.",White Wine,12.50%," Alto Adige-Trentino,   Italy ",Santa Margherita,2,Pinot Grigio,"  April†1,†2021  ",44.12872,10.93718,2
 Santa Margherita Brut Valdobbiadene Prosecco Superiore,20.95,18.95,4.8,-12,  750 ml bottle ,"We've heard this Prosecco is a celebrity favourite. That's not surprising because it's distinctive, rich and fresh, with vibrant, satisfying bubbles. From the producer of the top-selling white wine at Vintages, this sparkler over-delivers for the price.",White Sparkling Wine,11.50%," Veneto,   Italy ",Santa Margherita,13,Sparkling - Dry,"  April†1,†2022  ",45.6476663,11.8665254,2
 Ruffino Lumina Pinot Grigio IGT,16.05,14.05,4,-7,  750 ml bottle ,"For more than 140 years, Ruffino has been making quality wines for consumers to enjoy. Their rich history is in everything they produce. Pronounced aromas of fresh-cut lemon, gooseberry and a touch of herbs. Vibrant and fresh on the palate, with mineral notes on a clean finish.",White Wine,12%," Veneto,   Italy ",Ruffino Lumina Pinot Grigio Igt,6,Pinot Grigio,,45.6476663,11.8665254,2
 Wolf Blass Yellow Label Cabernet Sauvignon,19.95,16.95,4,-10,  750 ml bottle ,"Attention to detail creates the quality and consistency that Wolf Blass wines are known for. Yellow Label Cab is made with fruit from Australia's Langhorne Creek and McLaren Vale regions. Enjoy flavours of coffee, smoky oak, black plum along with floral and wild honey notes. A superb pairing for roast lamb with rosemary.",Red Wine,14.50%,  Australia ,Wolf Blass,3,Cabernet Sauvignon,,-24.7761086,134.755,3
 Domaine Lafage Miraflors Rose Cotes Du Roussillon AOC,19.95,17.95,5,-3,  750 ml bottle ,"Named after an old estate in the heart of Domaine Lafage. The combination of mourvedre and old vine grenache gris is aged in tank before bottling. The result is a pale salmon colour with an elegant bouquet of roses, strawberry and white peach, leading to a clean and pure palate that ends with crisp, refreshing flavours.",Rose Wine,12.50%," Roussillon,   France ",Domaine Lafage,4,Rose,,45.3735991,4.8124049,2
 Oyster Bay Sauvignon Blanc,21.95,18.95,4.9,-19,  750 ml bottle ,"Popular Oyster Bay hails from the Marlborough region, ground zero for classic New Zealand Sauvignon Blanc. Expect notes of expressive citrus, yellow berries melange and fresh herbs with mineral notes. Pair with sea scallops pan-fried in butter with asparagus on the side.",White Wine,12.50%," Marlborough,   New Zealand ",Oyster Bay,5,Sauvignon Blanc,"  April†1,†2021  ",-36.7846223,174.723989,3
 Freixenet Cordon Negro Brut Cava,17,15,4.2,-19,  750 ml bottle ,"Cava is Spain's famous traditional method sparkler, made in the rolling hills of Pened√®s, southwest of Barcelona. Enjoy lifted aromas and flavours of nuts, toast and citrus with mushroomy yeasty and minerally notes and lively effervescence. Serve with paella, fried calamari, cured meats or Manchego cheese.",White Sparkling Wine,11.50%,  Spain ,Freixenet,10,Cava,,39.3260685,-4.8379791,2
 Mouton Cadet Bordeaux Red AOC,18.95,16.95,4.2,-6,  750 ml bottle ,"From France's leading wine family, a wine that has been the world's introduction to the Bordeaux region since 1930. Merlot is dominant, contributing forward berry fruit. Cabernet sauvignon brings structure and cabernet franc adds elegance and finesse. Serve with pork tenderloin, duck breast or a selection of cheeses.",Red Wine,14%," Bordeaux,   France ",Mouton Cadet,4,Merlot/Cabernet Sauvignon,,44.841225,-0.5800364,2
 Sogrape Gazela Vinho Verde,11,10,4.5,-6,  750 ml bottle ,"Pale yellow straw colour; floral aromas with nuts, fresh herbs and green pear notes; dry, medium bodied, with delicate fresh fruit flavours; bright and refreshing with a spritzy finish.",White Wine,9%," Vinho Verde,   Portugal ",Gazela,15,Vinho Verde,,41.06454465,-8.234845469,1
 Robertson Winery Chenin Blanc,12,11,4.4,-18,  750 ml bottle ,"This wine punches above its weight in the value sector by offering layers of fruit and balanced acid on a medium bodied and refreshing palate. Expect a nose that offers aromas of pear, honey and herbs and a palate that is laden with pear, honey and citrus fruit followed by a fresh finish - perfect for pairing patio side.",White Wine,12.50%," Western Cape,   South Africa ",Robertson Wines,6,Chenin Blanc,,-33.546977,20.72753,1
 Batasiolo Bosc D'la Rei Moscato D'Asti DOCG,19.95,16.95,4.9,-15,  750 ml bottle ,"Pale yellow gold colour; lovely lifted fruity and savory aromas - fresh mushrooms, nutmeg with pear and honeydew melon; medium sweet, slight frizzante; balanced flavours of pear and melon, with medium length finish.",White Wine,5.50%," Piedmont,   Italy ",Batasiolo,128,Moscato,,46.067065,8.378351,3
 Louis Bouillot Perle d'Aurore Brut Rose Cremant de Bourgogne,27.95,25.95,4.5,-4,  750 ml bottle ,"Founded in 1877, Bouillot was one of the first to experiment with the crafting of sparkling Burgundy wine. This blend of Pinot Noir, Gamay and Chardonnay is ever delightful, extra dry with nutty richness, berry, toast and mushrooms. Sip or pair with smoked salmon.",Rose & Red Sparkling Wine,12%," Burgundy,   France ",Louis Bouillot,10,Sparkling - Dry,"  April†1,†2022  ",47.324179,5.043466,2
 Chapoutier Belleruche CdRhone White AOC,18,15,4.2,-6,  750 ml bottle ,"Very pale straw colour with aromas and flavours of grapefruit, pear, honey, red fruit and cantaloupe; bone dry and medium in body.",White Wine,13.50%," Rhone,   France ",M. Chapoutier,2,Grenache Blanc,,45.8802348,4.56453363,3
 Seven Falls Cellars Cabernet Sauvignon,23.95,20.95,4.6,-11,  750 ml bottle ,"The Wahluke Slope is one of the warmest, driest areas in Washington and the conditions are ideal for producing robust, ripe reds with exceptional varietal purity. This Cabernet is approachable and appealing, with generous chocolate, smoky oak, cassis, black plum and cedar. Silky and rich with caressing tannins, it's perfect for lamb, steak or grilled ribs.",Red Wine,14.50%," Washington,   United States ",Seven Falls,5,Cabernet Sauvignon,"  April†1,†2021  ",38.8950368,-77.0365427,3
 Jacob's Creek Moscato,16,13,4.9,-14,  750 ml bottle ,"Since 1847, Jacob's Creek has been one of the leaders in Australia's Barossa Valley. This aromatic, lightly bubbly white wine is brimming with floral and ripe pear aromas, with nutty, berry and citrus notes. Medium sweet, easy-drinking, with citrus, pear and tropical fruit flavours. Sip with fruit salad or light desserts.",White Wine,7.50%," South Australia,   Australia ",Jacob's Creek,68,Moscato,,-30.5343665,135.6301212,3
 The Beachhouse Sauvignon Blanc,13.5,12.5,4,-4,  750 ml bottle ,"Pale straw colour; grass, citrus aromas with light smoky, savory touches; dry, medium body; flavours match the aromas, with balanced, clean finish.",White Wine,12.50%," Western Cape,   South Africa ",The Beachhouse,5,Sauvignon Blanc,,-33.546977,20.72753,1
 Raymond Family Classic Chardonnay,18,16,4.4,-5,  750 ml bottle ,"Pale yellow colour with green highlights; lifted aromas of fresh fig, mineral note, honey and ripe yellow pear; medium bodied and creamy; fig, honey and pear flavours with balanced moderate acidity and long finish.",White Wine,13.50%," California,   United States ",Raymond Classic Wines,6,Chardonnay,,36.7014631,-118.755997,2
 Rosemount Diamond Shiraz,16.95,14.95,4.3,-3,  750 ml bottle ,"Deep purple red; dark rye bread, blood orange and dark berry fruit character with hint of chocolate; mid-framed and bold with a spicy finish.",Red Wine,14.50%," South Australia,   Australia ",Rosemount Wines,4,Shiraz/Syrah,,-30.5343665,135.6301212,2
 Graffigna Pinot Grigio,14.95,12.95,N/A,0,  750 ml bottle ,"Pale straw yellow colour; aromas of citrus, fresh mushrooms, lees and herbs with light floral tones; extra dry, medium bodied, soft with balanced acidity, flavours of citrus, mushrooms and herbs with a nice seam of acidity and good finish.",White Wine,12.50%," San Juan,   Argentina ",Graffigna,2,Pinot Grigio,,-31.5370909,-68.5251802,2
 Lindemans Bin 65 Chardonnay,13,12,4.5,-11,  750 ml bottle ,"Lindeman's is one of Australia's leading wine brands, and the ever-popular Bin 65 remains one of their flagship wines. Enjoy upfront aromas and flavours of tropical fruit, pear and a nicely balanced note of nutty oak. Light to medium bodied, with a fresh, clean finish; a perfect partner for seafood, chicken or pasta.",White Wine,13%,  Australia ,Lindeman's,6,Chardonnay,,-24.7761086,134.755,1
 Frescobaldi Castiglioni Chianti DOCG,18.95,16.95,4,-4,  750 ml bottle ,"Deep ruby colour; floral, licorice, chestnut and plum aromas with hints of fresh rye bread; dry, medium bodied, good spice, chestnut and red plum flavours, supportive tannin, lingering finish.",Red Wine,13%," Tuscany,   Italy ",Frescobaldi,4,Chianti,,43.4586541,11.1389204,2
 Slow Press Cabernet Sauvignon,19,17,3.9,-13,  750 ml bottle ,"Slow Press wines are a tribute to the craft of winemaking. This Cabernet Sauvignon blends fruit from three key California regions. Pour a glass and savour the depth, balance and natural fruit character. Expect bold, dark fruit, cedar and bell pepper flavours and a velvety finish. It's ideal to pair with your BBQ favourites.",Red Wine,13.50%," California,   United States ",Slow Press,2,Cabernet Sauvignon,,36.7014631,-118.755997,2
 Yellow Tail Shiraz,14.95,12.95,4.5,-4,  750 ml bottle ,"From Australia's largest family-owned wine company, a wine that's easy to drink, and easy to understand. It's dry, medium-bodied and softly structured, with aromas and flavours of coffee, floral note, prune, smoke and licorice. The ripe plummy-berry notes lead to a long, spicy finish. Serve with grilled lamb chops.",Red Wine,13.50%,  Australia ,Yellow Tail,11,Shiraz/Syrah,,-24.7761086,134.755,2
 Kim Crawford Chardonnay,20.95,18.95,N/A,0,  750 ml bottle ,"Lively with fresh pastry notes, citrus, nuts, mushrooms and spice, this Chardonnay comes from one of New Zealand's most iconic producers. Makes a delightful sipper, or enjoy with grilled seafood or chicken.",White Wine,13%," Marlborough,   New Zealand ",Kim Crawford,2,Chardonnay,"  April†1,†2022  ",-36.7846223,174.723989,2
 Sister's Run Epiphany Shiraz 2020,19.95,17.95,4.5,-6,  750 ml bottle ,"This is gracefully rich and aromatic on the nose showing dark fruit intensity, cedar, cake spice, floral and subtle mocha notes. The palate is equally attractive with excellent weight and power, wonderfully complemented by velvety texture and finely melded tannins. A blend of grapes from McLaren Vale & Fleurieu Peninsula. At its best: now to 2032. Score - 94. (Sam Kim, wineorbit.co.nz, Oct. 2022)",Red Wine,14%," South Australia,  ",Sister's Run,4,Shiraz/Syrah,"  April†1,†2023  ",-30.5343665,135.6301212,2
 Vicente Faria Animus Douro DO,15,13,4.6,-15,  750 ml bottle ,"Great value, classic Portuguese red made from indigenous varieties grown in the prestigious Douro Valley. Expect a dark ruby garnet colour, and complex upfront aromas and flavours of black plum, chocolate and licorice with a note of wild honey. Palate is dry, medium-bodied and rich with ripe tannins and a long finish.",Red Wine,13%," Douro,   Portugal ",Vicente Faria,12,Red Blend,,41.17004195,-7.304749812,2
 El Gora∫ Monastrell/Syrah/Petit Verdot,16.95,15.95,4.6,-18,  750 ml bottle ,"This blend is based on Monastrell (the predominant red grape in Jumilla), with Syrah and Petit Verdot in support. You will find it to be an intense, concentrated, complex wine with impressive floral, blackberry candy drop, vanilla and toast notes. It's typically robust and hearty. Try it with pork shoulder.",Red Wine,14%," Jumilla,   Spain ",El Gora∫,5,Mourv√®dre Blend,"  April†1,†2022  ",38.4735408,-1.3285417,1
 Woodbridge By Robert Mondavi Sauvignon Blanc,14.8,12.8,4.4,-181,  750 ml bottle ,"Founder Robert Mondavi was a catalyst for the American wine industry. This fruit-forward wine is a light lemon in colour, with upfront aromas and flavours of kiwi, gooseberry, citrus and herbs. Medium-bodied with a refreshingly clean finish; perfectly suited to accompany California spring salad topped with grilled chicken.",White Wine,12.50%,  United States ,Woodbridge By Robert Mondavi,5,Sauvignon Blanc,,39.7837304,-100.445882,2
 Santa Carolina Reserva Chardonnay,15,12.5,4.7,-3,  750 ml bottle ,"Pale straw colour; lifted toasty notes with yellow plum, vanilla and hazelnut fruit; medium bodied with toasty, yellow fruit and vanilla flavours.",White Wine,13.50%,  Chile ,Santa Carolina,3,Chardonnay,,-31.7613365,-71.3187697,2.5
 Woodbridge By Robert Mondavi Merlot,14.8,12.8,4.7,-90,  750 ml bottle ,"Medium ruby colour; lifted cassis, cedar, chocolate and raspberry/blueberry aromas; medium-bodied and dry; ripe cassis and red berry fruit and supple tannins.",Red Wine,13.50%,  United States ,Woodbridge By Robert Mondavi,7,Merlot,,39.7837304,-100.445882,2
 Bask Crisp Rose,13.95,12.95,3.4,-15,  750 ml bottle ,"This ros√© is very dry, low in sugar, and soft and round in texture. Enjoy flavours of red pear, watermelon, caramel and honey with a hint of spice. The perfect match for year-round casual entertaining; superb with salads, grilled fish or chicken with herbs.",Rose Wine,13%,  Canada ,Bask,2,Rose,,61.0666922,-107.991707,1
 Via±a Tarapaca° Gran Reserva Cabernet Sauvignon,18.95,16.95,4.6,-10,  750 ml bottle ,"This classic expression from Tarapac√° has generous black fruit supported by vanilla, savoury herb, and earth notes. The tannins are formidable but integrated. A wine that shows Cabernet's depth, character and pedigree. Serve with grilled lamb or steak.",Red Wine,14%," Maipo Valley,   Chile ",Via±a Tarapaca°,4,Cabernet Sauvignon,"  April†1,†2022  ",-33.808841,-70.738078,2
 Tom Gore Chardonnay,19.95,17.95,4,-5,  750 ml bottle ,"From second-generation grape farmer Tom Gore, this excellent value in California Chardonnay is creamy and broadly textured, with apple, tropical fruit, butter, toast, and oak spice. Enjoy it tonight with grilled seafood or roast chicken.",White Wine,13%," California,   United States ",Tom Gore,4,Chardonnay/Sauvignon Blanc,,36.7014631,-118.755997,2
 Banfi Principessa Gavia Gavi,19.95,16.95,5,-3,  750 ml bottle ,"Legend suggests that Principessa Gavia, daughter of the King of the Franks, fell in love with a soldier and the two fled to northwest Italy to escape her disapproving father. The village and wine of Gavi are named after her. This refreshing wine shows herbs, mineral and grapefruit notes. A great sipper or aperitif, it will be a fine match for salads, seafood antipasti, or lighter fish dishes.",White Wine,12%," Piedmont,   Italy ",Banfi,3,Cortese,"  April†1,†2022  ",46.067065,8.378351,3
 Quinta da Aveleda Vinho Verde,16,14.5,4.5,-2,  750 ml bottle ,"Pale lemon yellow with green highlights; aromas of nuts, grapefruit and herbs; extra dry, fresh and lively, with a slight spritz, steely mineral notes as well as flavours of lime, herbs and a cleansing touch of yeast on the finish.",White Wine,11.50%,  Portugal ,Quinta Da Aveleda,3,Vinho Verde,,39.6621648,-8.1353519,1.5
 Cave Spring Dry Rose VQA,16.95,14.95,4,-1,  750 ml bottle ,"Light salmon pink colour; floral, pink grapefruit, herbs and jam aromas; extra dry, medium-bodied with grapefruit flavours, balanced acidity and good finish.",Rose Wine,12.50%," Ontario,   Canada ",Cave Spring,2,Rose,,50.000678,-86.000977,2
 Via±a Tarapaca° Reserva Cabernet Sauvignon,14.95,12.95,4.3,-7,  750 ml bottle ,"A bold wine with notes of dark fruit, chocolate and spice with light hints of smoke and prune. A lively, juicy wine of good structure with bold, ripe tannins. Pair with wide range of red meats, burgers or tomato based pasta dishes.",Red Wine,13.50%,  Chile ,Via±a Tarapaca°,4,Cabernet Sauvignon,,-31.7613365,-71.3187697,2
 Barefoot Pinot Grigio,22.95,20.95,4.3,-996,  1500 ml bottle ,"Extremely versatile, food-friendly and enjoyable. Pale lemon colour with floral notes and aromas of pineapple, fresh bread, white melon and peach. On the palate, this is dry, fresh and medium-bodied with flavours of pineapple, melon and peach. The finish is long with refreshing fruity tones.",White Wine,12%," California,   United States ",Barefoot,8,Pinot Grigio,,36.7014631,-118.755997,2
 XOXO Pinot Grigio Chardonnay Sparkling,11.95,10.95,4.7,-3,  750 ml bottle ,"A locally produced sparkler that's light and lively, and easy to enjoy for its high refreshment factor. It shows pleasant aromas of nuts, toast, citrus, herbs and fresh fig. On the palate, it's clean, fresh and dry leading to replayed flavours of nuts, toast, citrus and fig that fill the mouth.",White Sparkling Wine,11.60%,  Canada ,XOXO,21,Sparkling,,61.0666922,-107.991707,1
 Black Cellar Shiraz Cabernet,11.95,10.95,4.1,-7,  750 ml bottle ,"The Black Cellars winemaker explored numerous blends deep within the heart of the cellar until perfection was achieved. The ultimate blend combines upfront flavours of black currant, floral and jammy notes with a touch of mint chocolate and a smooth mouthfeel that exemplifies the mystique of Black Cellar.",Red Wine,13%,  Canada ,Black Cellar,15,Shiraz/Cabernet,,61.0666922,-107.991707,1
 Remo Farina Ripasso Valpolicella Classico Superiore,17.95,15.95,N/A,0,  750 ml bottle ,"Ripasso-style wines are made by fermenting ('re-passing') the wine a second time on dried Amarone grapes; a process that enhances everything from the wine's colour and flavour to its ageability. Farina's Ripasso, with its consistent notes of cherries, licorice, and pepper spice, is a super-popular example of the style. Try it with roast rack of lamb or a grilled-eggplant burger.",Red Wine,13.50%," Veneto,   Italy ",Vintages Collaborative Sku,9,Corvina Blend,"  April†1,†2022  ",45.6476663,11.8665254,2
 Calvet Reserve des Remparts Saint-aâmilion,26.95,24.95,2.4,-7,  750 ml bottle ,"An engaging Right Bank offering, which means it's mostly Merlot with Cabernet Franc in support. Ripe and approachable, with cedar, chocolate and juicy red plum accented by fresh herbs and spice. A classic pairing for lamb with rosemary, but don't be afraid to try it with spare ribs in a sticky sauce.",Red Wine,13%," Bordeaux,   France ",Calvet,2,Merlot,"  April†1,†2022  ",44.841225,-0.5800364,2
 The Black Chook Shiraz/Viognier,21.95,19.95,4.8,-4,  750 ml bottle ,"Adding a splash of the white grape Viognier to Shiraz imparts some white wine aromatics and flavour nuances to the final wine. It's big, fleshy, silky and generous, with blackberry, vanilla, cocoa, spice, and a perfumed floral note (hello Viognier, we see you). Pair with slow-cooked beef brisket.",Red Wine,14.50%," South Australia,   Australia ",The Black Chook,3,Shiraz Blend,"  April†1,†2022  ",-30.5343665,135.6301212,2
 Ghost Pines Winemaker's Blend Chardonnay,22.95,20.95,4.8,-5,  750 ml bottle ,"Specialists in sourcing and blending grapes from top sites across California, Ghost Pines forgoes regional specificity when creating their wines. It's a bold and successful model that allows them to take full advantage of California's best. This Chardonnay is mellow and supple, with nuts, yellow plum, vanilla, toast and fig notes. Pair it with grilled lobster or creamy chicken soup.",White Wine,14%," California,   United States ",Ghost Pines,4,Chardonnay,"  April†1,†2021  ",36.7014631,-118.755997,2
 le Fat Bastard Chardonnay Pays D'Oc,17,15,5,-1,  750 ml bottle ,"Medium straw colour; floral, fresh fig, nuts, herbal and pear aromas; dry, fig, pear and hazelnut flavours, buttery texture, well balanced with a medium-length finish.",White Wine,13%," South of France,   France ",Fat Bastard,2,Chardonnay,,46,2,2
 Fuzion Alta Reserve Malbec,15,13,3.6,-8,  750 ml bottle ,"Bold, balanced and brawny, this spicy Argentinian favourite packs in upfront black plum, toast, vanilla and chocolate flavours. It's also a terrific value.",Red Wine,14%,  Argentina ,Fuzion,4,Malbec,,-34.9964963,-64.9672817,2
 The Foreign Affair The Conspiracy,19.95,16.95,4.4,-14,  750 ml bottle ,"Following the ripasso method perfected in Italy's Veneto region, this unique wine uses dried grapes to add richness and depth to the notes of fresh and dried prune, floral elements, smoke, dark fruit and licorice. An impressive wine that's perfect for grilled red meats.",Red Wine,12.80%," Ontario,   Canada ",The Foreign Affair,5,Cabernet Sauvignon/Merlot/Cabernet Franc,"  April†1,†2021  ",50.000678,-86.000977,3
 Vineland Estates Unoaked Chardonnay VQA,15.95,13.95,4.5,-2,  750 ml bottle ,"Bright yellow colour; aromas of yellow plum, citrus, oatmeal, nuts and herbs; extra dry, medium bodied, with medium balanced acidity and a long fresh finish.",White Wine,13%," Ontario,   Canada ",Vineland Estates,5,Chardonnay,,50.000678,-86.000977,2
 Pelee Island Gewaºztraminer,12.45,11.45,4.7,-3,  750 ml bottle ,"Pale straw/yellow colour; pear, floral, lychee and melon aromas; dry, light to medium bodied, softly structured with balanced acidity, flavours of sweet pear, honeysuckle, rose water and lychee; hints of nuts on the finish.",White Wine,12.50%,  Canada ,Pelee Island,18,Gew√ºrztraminer,,61.0666922,-107.991707,1
 McGuigan Black Label Pinot Grigio,12.95,10.95,5,-2,  750 ml bottle ,"McGuigan Pinot Grigio offers good varietal character with nuts, fresh bread, grapefruit, floral and spice aromas and a balanced dry palate. Relatively low in acidity and light-plus in body, the palate offers flavours of nuts and grapefruit with a pleasing touch of spice on the finish.",White Wine,12%,  Australia ,McGuigan,10,Pinot Grigio,,-24.7761086,134.755,2
 Konzelmann Pinot Noir VQA,16.95,14.95,5,-3,  750 ml bottle ,"Ruby red colour; floral aromas of black cherry, then smoke, beetroot and nutmeg; extra dry, med-bodied with good acidity, cherry, smoky oak flavours with light earthy/mineral and spice notes; quite smooth with soft tannins & a fruity finish.",Red Wine,13%," Ontario,   Canada ",Konzelmann,10,Pinot Noir,,50.000678,-86.000977,2
 St. Francis Cabernet Sauvignon,35.95,32.95,4.1,-7,  750 ml bottle ,"Produced in Sonoma County, this wine has a smoother mouthfeel than its Napa counterparts. It's floral, refined and characterful, with great balance and notes of red and black fruit, cassis, oak spice, savoury herbs and smoke. Pair with roast lamb.",Red Wine,14.80%," California,   United States ",St. Francis,4,Cabernet Sauvignon,"  April†1,†2022  ",36.7014631,-118.755997,3
 Las Mulas Cabernet Sauvignon Reserva Organic,17,15,4.2,-15,  750 ml bottle ,"Deep ruby in colour; upfront aromas of cassis, coffee and cedar with notes of mint and spice; dry, with medium body, balanced acidity and fine-textured, supple tannins; flavours of cassis and coffee, supported by cedar, and savoury notes of spice and mint; fruit flavours linger on a lengthy finish.",Red Wine,13.50%," Central Valley,   Chile ",Las Mulas,4,Cabernet Sauvignon,,-36,-72,2
 Tommasi Amarone della Valpolicella Classico,49.95,44.95,4.2,-6,  750 ml bottle ,"Amarone is a great crowd favourite and ideal for holiday dinners. This one comes from the historic Tommasi family, who are masters of this celebrated style. The wine features dried flowers, prune, licorice, chocolare and herbs, with polished tannins. Pair with braised meats, pasta or dark chocolate.",Red Wine,15%," Veneto,   Italy ",Tommasi,7,Corvina Blend,"  April†1,†2021  ",45.6476663,11.8665254,5
 Heartland Stickleback Red 2021,19.95,17.95,5,-2,  750 ml bottle ,"From legendary winemaker Ben Glaetzer (the man behind the iconic Amon-Ra Shiraz), this is Heartland's entry-level red. It's a classic Aussie blend of Cabernet and Shiraz that gets a touch of additional brightness and lift from a splash of Dolcetto of Piedmont fame. It's floral, with ripe dark fruit, spice and savoury notes. A fun, easy-to-enjoy wine that's ideal for barbecue.",Red Wine,14.50%," South Australia,   Australia ",Heartland,2,Cabernet Sauvignon Blend,"  April†29,†2023  ",-30.5343665,135.6301212,2
 Les Jamelles Sauvignon Blanc Pays d'Oc,17.95,15.95,3.8,-4,  750 ml bottle ,"Morning harvest preserves the fresh fruit character of the grapes, and a short period of skin contact prior to pressing enhances aroma and flavour. Forward aromas of citrus, with smoky, nutty, and lightly yeasty notes. Extra dry, with medium body and lively acidity, it has the typical freshness of a fine sauvignon blanc.",White Wine,12%,  France ,Les Jamelles,2,Sauvignon Blanc,,46.603354,1.8883335,2
 Remy Pannier Rose D'Anjou AOC,18.3,17.3,4.8,-8,  750 ml bottle ,"Made from cabernet franc grapes in France's Loire Valley, Remy Pannier is a perennial favourite. It has an appealing pale salmon colour, and aromas of floral and berry fruit with a hint of citrus and spice. The medium body, ripe berry flavours and delicate sweetness pairs with charcuterie, salads, cold pasta or seafood.",Rose Wine,10%," Loire,   France ",Remy Pannier Rose D'Anjou*,21,Cabernet Franc,,47.6150993,-0.9784603,1
 Whitecliff Rose,15,13,4.5,-2,  750 ml bottle ,A wonderful dry ros√© that's made in a crowd-pleasing style. It shows enticing aromas and flavours of ripe strawberries and summer fruits with perfumed notes. The palate is soft with a silky texture leading to a light refreshing finish. Serve lightly chilled on its own or with picnic and bbq fare.,Rose Wine,13%," Hawke's Bay,   New Zealand ",Whitecliff,5,Rose Wines,,-39.52565115,176.7611457,2
 Luigi Bosca Malbec,19.95,17.95,4.3,-6,  750 ml bottle ,"Mendoza is one of the most important wine regions in Argentina and the place to be for New World Malbec. This example offers ripe  black plum and fig tones with cinnammon, floral and earthy notes. Silky and juicy. Pair with steak.",Red Wine,14.50%," Mendoza,   Argentina ",Luigi Bosca,3,Malbec,"  April†1,†2021  ",-32.8894155,-68.8446177,2
 Folonari Pinot Grigio Delle Venezie DOC,29,26,4.5,-8,  1500 ml bottle ,"Made in stainless steel tanks to preserve and accentuate its fresh character. Pale lemon colour, with inviting aromas of bread dough, nuts, citrus and light floral notes. Juicy on the palate with fresh fruit flavours matched by balanced acidity and hints of minerality that lead to a clean finish.",White Wine,12%," Veneto,   Italy ",Folonari,5,Pinot Grigio,,45.6476663,11.8665254,3
 Peninsula Ridge Inox Chardonnay VQA,16.95,14.95,5,-1,  750 ml bottle ,"'INOX' is a French term for stainless steel, and this unoaked VQA wine celebrates the character of chardonnay without the overlay of oaky notes. Pale to medium yellow straw in colour, with delicate floral, red currant, citrus and aromas. Extra-dry, with well-balanced acid structure, and refreshing citrus flavours.",White Wine,12.50%," Ontario,   Canada ",Peninsula Ridge Wines,2,Chardonnay,,50.000678,-86.000977,2
 Good Natured Crisp Chardonnay VQA,13.95,11.95,4.8,-4,  750 ml bottle ,"This unoaked chardonnay a lively one. Expect inviting notes of crisp green apple, lemon, and pear. A medium-bodied and fruity palate leads you to a long-lasting, balanced finish. Pair with pan-fried white fish alongside fluffy rice and seasonable vegetables or serve as an aperitif.",White Wine,13%," Ontario,   Canada ",Good Natured,8,Chardonnay,,50.000678,-86.000977,2
 Trius Brut VQA,29.95,26.95,4.6,-5,  750 ml bottle ,"Pale yellow gold colour; floral, brioche, citrus and green apple fruit aromas and some light toasty notes; dry, light-medium bodied, crisp balanced acidity, with tart apple, honey, lemon/citrus flavours and a long refreshing finish.",White Sparkling Wine,12.50%," Ontario,   Canada ",Trius,7,Sparkling,,50.000678,-86.000977,3
 Cha¢teau des Charmes Cabernet Sauvignon VQA,16.95,15.95,2.6,-7,  750 ml bottle ,"Clear, deep purple colour; aromas of chocolate, floral note, plum and smoke; extra dry and medium bodied with a fruit core of chocolate, black plum and other dark fruit; hint of smoke on the medium length finish, drink now or hold 2-3 years.",Red Wine,13.50%," Ontario,   Canada ",Cha¢teau des Charmes,2,Cabernet Sauvignon,,50.000678,-86.000977,1
 Bodacious Cabernet Sauvignon,11.95,10.95,5,-1,  750 ml bottle ,"Bright ruby red in the glass; aromas of sweet red plum and berry fruit and floral, candy and vanilla notes; dry and medium bodied with lively flavours of plum, strawberry, cranberry, and vanilla on the palate with a soft finish.",Red Wine,13%,  Canada ,Bodacious,18,Cabernet Sauvignon,,61.0666922,-107.991707,1
 Jaffelin Bourgogne Aligote AOC,22,19.5,4,-1,  750 ml bottle ,"Pale straw colour; lifted aromas of nuts, cantaloupe, vanilla and anjou pear; extra dry, medium bodied, with clean melon/pear flavours and balanced acidity on finish.",White Wine,12%," Burgundy,   France ",Jaffelin,2,Burgundy,,47.324179,5.043466,2.5
 Champagne Victoire Brut Prestige,45,41,4,-2,  750 ml bottle ,"Straw colour with fine bubbles; brioche, floral and nutty aromas with a citric note; extra dry, toasty, nutty and dried lemon fruit flavours with lively acidity to finish.",White Champagne,12%," Champagne,   France ",Victoire,11,Champagne,,45.831944,-0.906667,4
 Rivera Il Falcone Riserva Castel del Monte,26.95,23.95,4.4,-5,  750 ml bottle ,"Crafted to offer an aromatic, fresh experience, with expressive floral lift, chocolate, dried fig, smoke and spice alongside herbs, mineral and earth undertones in a firm, balanced frame. A wine for braised or grilled fare.",Red Wine,13.50%," Puglia,   Italy ",Vintages Essentials,2,Nero di Troia,"  April†1,†2021  ",45.0731467,9.6455027,3
 Colio Extra Dry White,17.95,16.95,5,-3,  1500 ml bottle ,"Pale yellow colour; pungent, orange blossom aromas with herbs and honey notes that carry onto the palate; fresh, dry finish",White Wine,12%,  Canada ,Colio,3,Blend,,61.0666922,-107.991707,1
 Mezzacorona Pinot Grigio,29,26,4.3,-4,  1500 ml bottle ,"Pale straw colour; fresh, berry, cantaloupe and fruity pear nose with a touch of spice; medium body, clean and fresh with berry and melon flavours and pear and spice on the finish.",White Wine,12.50%," Trentino,   Italy ",Mezzacorona,8,Pinot Grigio,,46.131509,10.880622,3
 Inniskillin Riesling Pinot Grigio VQA,15.95,13.95,N/A,0,  750 ml bottle ,"Pale straw colour; waxy, delicate floral, pear, melon, peach and herbal aromas; dry, medium bodied with pear and melon fruit and herbal flavours; fresh, clean finish.",White Wine,11%," Ontario,   Canada ",Inniskillin,18,Blend,,50.000678,-86.000977,2
 Jackson-Triggs Sauvignon Blanc,12.95,11.95,4.2,-9,  750 ml bottle ,"Pale straw colour with a lively nose of lemon and green apple with a hint of herbs; fruit character is replayed on the palate; crisp and dry, with medium body.",White Wine,12.50%,  Canada ,Jackson-Triggs,6,Sauvignon Blanc,,61.0666922,-107.991707,1
 Bodacious Smooth Red,21.95,19.95,3.9,-24,  1500 ml bottle ,"Medium ruby in colour; aromas of sweet plum, nutella, blood orange, and candied berries; medium-sweet with the same flavours as on the nose.",Red Wine,12.50%,  Canada ,Bodacious,25,Shiraz/Cabernet Sauvignon,,61.0666922,-107.991707,2
 Wakefield Jaraman Cabernet Sauvignon 2020,24.95,22.95,N/A,0,  750 ml bottle ,"The 2020 Jaraman was sourced from Clare Valley (52%) and Coonawarra (48%). The two areas experienced vastly different growing seasons, but each saw excellent conditions through the latter stages and the harvest, yielding fruit of very high quality. The wine has complex dark fruit, currant and chocolate tones with lifted mint and eucalyptus notes. [The Melbourne International Wine Competition did not include a tasting note.] Score - Gold. (Melbourne International Wine Competition, 2022)",Red Wine,14.50%," South Australia,   Australia ",Wakefield,3,Cabernet Sauvignon,"  March†4,†2023  ",-30.5343665,135.6301212,2
 Peninsula Ridge Merlot VQA,16.95,14.95,3.5,-4,  750 ml bottle ,"Medium ruby in colour with aromas of red fruit, herbs, berry, spice and watermelon. Medium-bodied, quite ripe and silky, it ends with toasted spices and harmonious tannins.",Red Wine,13.10%," Ontario,   Canada ",Peninsula Ridge Wines,5,Merlot,,50.000678,-86.000977,2
 Girls' Night Out Peach Raspberry Rumba,15.95,14.95,5,-3,  1500 ml bottle ,"Brilliant pale pink; notes of melon, raspberry and ripe peach on the nose; on the palate it is medium-sweet and medium bodied, with low to medium acidity; flavours of candied raspberry and sweet, ripe pears and peaches.","Flavoured Wine	",6.50%,  Canada ,Girls' Night Out,62,,,61.0666922,-107.991707,1
 Desire Lush & Zin Primitivo 2021,23.95,21.95,5,-1,  750 ml bottle ,"Crafted with modern flair, this Primitivo (a.k.a. Zinfandel) reveals intense aromas and flavours of plums, red berries, vanilla, coffee and cocoa, all wrapped in plush tannins. Sip with stuffed eggplant or hearty stews.",Red Wine,13.50%," Puglia,   Italy ",,17,Primitivo,"  February†4,†2023  ",45.0731467,9.6455027,2
 Megalomaniac Much Obliged Red VQA,15.95,14.95,3,-2,  750 ml bottle ,"Honouring our brave healthcare workers, a portion of the proceeds of each bottle sold will be donated by Megalomaniac to Food Banks Canada. This blend of 100% Ontario grapes displays flavours of red berries and dark fruits with nuances of spiciness and dried flowers. Superb with roast lamb or a selection of local cheeses.",Red Wine,13%,  Canada ,Megalomaniac,12,Blend,,61.0666922,-107.991707,1
 Wayne Gretzky Rose VQA,17.95,15.95,5,-1,  750 ml bottle ,"Wayne Gretzky Estate Winery and Distillery expanded into a state-of-the-art facility in the heart of Niagara-On -the-Lake wine country in 2017. This delicate ros√© has aromas of peach, citrus and strawberry that move to flavours of red berries, plum and cherry with a slightly off-dry finish. Pair with vegetable quiche.",Rose Wine,12%," Ontario,   Canada ",Wayne Gretzky,5,Rose,,50.000678,-86.000977,2
 Henry of Pelham Baco Noir Old Vines VQA,19.95,17.95,4.4,-10,  750 ml bottle ,"Opaque ruby; upfront aromas of black plum, coffee, smoke and spicy oak. Medium-plus bodied, the palate is extra dry with medium acidity and tannins; complex and layered with plum, coffee, spice and cedar smoke followed by a medium length finish.",Red Wine,14%," Ontario,   Canada ",Henry of Pelham,15,Baco Noir,,50.000678,-86.000977,2
 Zenato Valpolicella Superiore 2019,22.95,19.95,5,-1,  750 ml bottle ,"Vibrant nose with spiced cherries, plums, dried herbs, cloves and some bark. It's medium-bodied with fine-grained tannins and juicy cherries. Fruity and caressing mouth-feel, before a medium finish. Drink now. Score - 90. (jamessuckling.com, Sept. 6, 2022)",Red Wine,13.50%," Veneto,   Italy ",Zenato,7,Corvina Blend,"  February†18,†2023  ",45.6476663,11.8665254,3
 Jackson-Triggs Sauvignon Blanc,49.95,46.95,4.2,-9,  4000 ml bagnbox ,"Pale straw colour with a lively nose of lemon and green apple with a hint of herbs; fruit character is replayed on the palate; crisp and dry, with medium body.",White Wine,12.50%,  Canada ,Jackson-Triggs,6,Sauvignon Blanc,,61.0666922,-107.991707,3
 Keep Calm & Laugh Pinot Grigio,11.95,10.95,3.7,-3,  750 ml bottle ,"This vibrant pinot grigio keeps things light and bright with notes of lemongrass, white peach, lime zest and green apple. A lovely floral note plays well with citrus. It's light-bodied and crisp with a palate-cleansing finish. Serve with grilled shrimp, pineapple kebabs, or Caesar salad topped with grilled chicken.",White Wine,12%,  Canada ,Mondia Alliance Wines,2,Pinot Grigio,,61.0666922,-107.991707,1
 Jackson-Triggs Cabernet Sauvignon,20.95,18.95,4.2,-12,  1500 ml bottle ,Light to medium ruby garnet colour; dry and medium bodied with lively crisp cassis berry character and very light tannins.,Red Wine,12.50%,  Canada ,Jackson-Triggs,8,Cabernet Sauvignon,,61.0666922,-107.991707,2
 Saintly The Good Rose VQA,19.95,17.95,4,-5,  750 ml bottle ,"Blessed with the goodness of grapes from the Niagara Peninsula, Arterra Wines offers up this angelic ros√© with a medium-bodied and dry style. Its aromas and flavours of strawberry, citrus, bergamot and rhubarb nestle on a rounded palate, leading to a crisp, long finish. Enjoy with a hummus plate or raspberry almond tart.",Rose Wine,12.50%," Ontario,   Canada ",Saintly,4,Rose,,50.000678,-86.000977,2
 Jacob's Creek Shiraz Cabernet Sauvignon,26,24,4.3,-4,  1500 ml bottle ,"Legendary in South Eastern Australia, Jacob's Creek presents a modern expression of the classic Aussie blend of shiraz and cabernet sauvignon red wine. Expect aromas of dark cherry and plum with mocha spice. The palate offers blackberry, plum with pepper and subtle oak. Enjoy with steak, pizza or tomato-based pasta dishes.",Red Wine,13.50%,  Australia ,Jacob's Creek,6,Shiraz/Cabernet Sauvignon,,-24.7761086,134.755,2
 XOXO Pinot Grigio Sangria,11.95,9.95,4.6,-9,  750 ml bottle ,"This is a fresh and lively alternative to classic red sangria brimming with lifted mango, pineapple and citrus fruit all floating on a fine fizz. A great addition to any occasion! Serve with salty snacks or fruit cocktails.","Flavoured Wine	",11%,  Canada ,XOXO,60,Named Varietal Blends-White,,61.0666922,-107.991707,2
 Castillo de Almansa Reserva,26.05,24.55,4.7,-14,  1500 ml bottle ,"Deep ruby colour; aromas of smoky oak and prune reduction with notes of juniper, chocolate and nuts; dry, medium-bodied, with soft balanced acidity, fine tannins and a soft plummy fruit finish.",Red Wine,14%," Almansa,   Spain ",Castillo De Almansa,3,Red Blend,,38.8682065,-1.0978627,1.5
 Yellow Tail Pinot Grigio,14.95,12.95,5,-1,  750 ml bottle ,"Pale straw colour; aromas of nuts, floral note, spice, mushrooms and herbs; dry, medium bodied, with mellow acidity, and delicate flavours of herbs and nuts.",White Wine,11.50%,  Australia ,Yellow Tail,11,Pinot Grigio,,-24.7761086,134.755,2
 Pelee Island Pelee Pink VQA,12.95,11.95,5,-1,  750 ml bottle ,"The versatility of chambourcin shines in this appealing rose. The vibrant strawberry colour is followed by lifted aromas of cherry jam, red currant and lemon peel. On the palate, the juicy berry flavours hint at sweetness on otherwise dry frame, while notes of red currant add tartness and balance to the concentrated finish.",Rose Wine,12.50%," Ontario,   Canada ",Pelee Island,16,Rose,,50.000678,-86.000977,1
 Peller Family Vineyards Dry White,42.95,40.95,N/A,0,  4000 ml bagnbox ,"Pale yellow straw; grapefruit, yellow melon and floral aromas; extra dry with soft round fruit flavours and light tropical fruit notes; easy drinking wine.",White Wine,12%,  Canada ,Peller Family Vineyards,12,Blend,,61.0666922,-107.991707,2
 Martini Dolce 0.0 - De-Alcoholized,13.95,12.95,N/A,0,  750 ml bottle ,N/A,White Sparkling Wine,0.01%,  Italy ,,101,Sparkling White,,42.6384261,12.674297,1
 Sandbanks Summer White VQA,14.95,12.95,5,-3,  750 ml bottle ,"Pale lemon; defined lifted aromas of citrus, lychee, spicy and herbal notes; medium sweet, medium bodied, balanced acidity and rich flavours of citrus and stone fruit that follow through from the nose.",White Wine,11.50%," Ontario,   Canada ",Sandbanks,26,Blend,,50.000678,-86.000977,2
 Peller Family Vineyards Chardonnay,46.95,43.95,4.3,-4,  4000 ml bagnbox ,"Chardonnay is the world's most popular white wine, known for its flavours of ripe pear, hazelnuts and vanilla. Smooth and light to medium-bodied, this wine has a hint of spicy oak, and a mellow, balanced finish. Serve with roast chicken, grilled vegetables or salads.",White Wine,12%,  Canada ,Peller Family Vineyards,7,Chardonnay,,61.0666922,-107.991707,3
 Matua Sauvignon Blanc Hawke's Bay,35.05,33.05,5,-5,  1500 ml bottle ,"Award-winning wine, crafted off the beaten path in Hawke's Bay. Brimming with lifted aromas and flavours of spice, grapefruit, smoke and herbs. The palate is fresh and clean with balanced acidity and notes of citrus and herbs on the finish. Try with light seafood and herbed fish dishes.",White Wine,12%," Hawke's Bay,   New Zealand ",Matua,4,Sauvignon Blanc,,-39.52565115,176.7611457,2
 Robert Oatley Signature Series Chardonnay,20.95,18.95,4.2,-5,  750 ml bottle ,"Complexity and elaborate, expressive flavours are benchmarks of Margaret River Chardonnay. This one is sophisticated and approachable, suggesting intense ripe yellow plum, hazelnuts and vanilla notes in a rich, perfectly balanced, deftly oaked frame. An excellent match for roast chicken, turkey burgers or grilled salmon.",White Wine,12.50%," Western Australia,   Australia ",Vintages Essentials,4,Chardonnay,"  April†1,†2021  ",-25.2303005,121.0187246,2
 Jackson-Triggs Rose,20.95,18.95,4.2,-5,  1500 ml bottle ,"Medium pink colour; plum jam and strawberry-cherry aromas; medium sweet, with sweet fruit flavours, with soft acidity.",Rose Wine,11.50%,  Canada ,Jackson-Triggs,22,Rose,,61.0666922,-107.991707,2
 Jackson-Triggs Proprietor's Selection Light Pinot Grigio,11.95,10.95,4.9,-9,  750 ml bottle ,"Lower-alcohol wines are here! From Canada's most-awarded winery, this light pinot grigio is lower in alcohol, and bursting with aromas of nuts, melon and fresh fig, with soft mushroom and fresh bread notes. Serve well-chilled with fresh pasta or grilled seafood.",White Wine,8%,  Canada ,Jackson-Triggs,16,Pinot Grigio,,61.0666922,-107.991707,1
 Henry of Pelham Riesling VQA,15.95,13.95,5,-1,  750 ml bottle ,"This lovely riesling from the Speck family has the potential for aging. The pale straw colour is followed by a bouquet of grapefruit and juniper with mineral and floral notes. On the palate, it's medium-plus bodied with a light spritz and dry, all balanced by moderate acidity and fruit intensity of citrus flavours.",White Wine,10.50%," Ontario,   Canada ",Henry of Pelham,18,Riesling,,50.000678,-86.000977,2
 Tawse Quarry Road Organic Riesling,24.95,21.95,5,-2,  750 ml bottle ,"Floral, with lime, lemon, nectarine and mineral notes. Complex and pure, with excellent weight and texture. A precise, exquisite Ontario Riesling. Great with spicy Asian foods.",White Wine,10.50%," Ontario,   Canada ",Tawse,25,Riesling,"  April†1,†2022  ",50.000678,-86.000977,3
 Open Riesling Gewaºrztraminer VQA,13.95,12.95,4.4,-7,  750 ml bottle ,"Clear, pale straw colour; floral, peach and ripe pear; dry, with these plus herb and melon flavours with fresh citrus finish.",White Wine,11.10%," Ontario,   Canada ",Open,22,Blend,,50.000678,-86.000977,1
 Rosie Sparkling Rose,17,15.5,5,-1,  750 ml bottle ,"Rosie is produced using Glera grapes which results in aromatic notes of ripe strawberry and crisp apple.  A fresh and vibrant sparkling ros√© with flavours of watermelon and wild strawberries. Crisp and refreshing, Rosie pairs perfectly with summer fruit salads and cheese charcuterie. Serve chilled.",Rose Wine,11.50%," South Australia,   Australia ",,16,Sparkling Rose,,-30.5343665,135.6301212,1.5
 Rosehall Run Pinot Noir VQA,21.95,19.95,3.5,-6,  750 ml bottle ,"Medium ruby red colour; aromas of dark berries, toast, earth and spice, nuts and coffee; extra dry, medium bodied, easy drinking, flavours of dark berries and fruit and toast, with spice and nuts notes.",Red Wine,12.50%," Ontario,   Canada ",Rosehall Run Vineyard,2,Pinot Noir,,50.000678,-86.000977,2
 Red House Wine Co. Cabernet Merlot VQA,14.95,12.95,4,-1,  750 ml bottle ,"A Cabernet Sauvignon, Merlot blend from Niagara-sourced fruit and wood aged for six months. Plenty of strawberries and raspberry fruit flavours with hints of vanilla, medium-bodied. Silky tannins follow through to a lengthy finish. Perfect with grilled meats or try with gourmet portobello mushroom burgers.",Red Wine,13.20%," Ontario,   Canada ",House Wine Co. Wines,14,Cabernet Sauvignon/Merlot,,50.000678,-86.000977,2
 Reif Estate Riesling VQA,14.75,12.75,N/A,0,  750 ml bottle ,"Pale straw colour; aromas and flavours of ripe pear, floral note, biscuit, golden raisins and pine nuts; dry, medium-bodied with medium finish.",White Wine,12%," Ontario,   Canada ",Reif Estate Winery,15,Riesling,,50.000678,-86.000977,2
 White House Wine Co. Riesling Pinot Grigio VQA,14.95,12.95,4.7,-3,  750 ml bottle ,"Pale lemon colour; delicate pear, tobacco, fig, herbal and nutmeg aromas; dry, medium body with fresh pear, tobacco and fig flavours.",White Wine,12%," Ontario,   Canada ",House Wine Co.,16,Blend,,50.000678,-86.000977,2
 Taylor Fladgate 10-Year-Old Tawny Port,37.95,31.95,5,-3,  750 ml bottle ,"One of the world's most versatile dessert wines, Port was made for mellow winter evenings. This one would pair perfectly with a platter of walnuts, dark chocolate, dried cherries and figs. A scrumptious gift.",Port,20%," Douro,   Portugal ",Taylor Fladgate,107,Port,"  April†1,†2021  ",41.17004195,-7.304749812,6
 Jackson-Triggs Pinot Grigio,20.95,18.95,4.3,-11,  1500 ml bottle ,"From an award-winning winery comes this light and lively pinot grigio, offered in a range of sizes for all occasions. Pouring a pale lemon colour, look for aromas and flavours of lifted, fresh cantaloupe, ginger and spice. Moderate acidity makes this fresh, it is extra-dry on that palate with a clean finish.",White Wine,12.10%,  Canada ,Jackson-Triggs,7,Pinot Grigio,,61.0666922,-107.991707,2
 Wayne Gretzky Cabernet Merlot VQA,47.95,44.95,3.7,-6,  3000 ml bagnbox ,"This bold and fruit forward expression of cabernet merlot blend shows its versatility. The ruby red colour is filled with an aromatic bouquet of cedar, black currant and chocolate with the notes of toast and nuts. These same flavours are reflected on the palate and supported by soft medium tannins and a dry finish.",Red Wine,12%," Ontario,   Canada ",Wayne Gretzky,5,Cabernet/Merlot,,50.000678,-86.000977,3
 G. Marquis The Silver Line Pinot Noir,19.95,17.95,4.2,-6,  750 ml bottle ,"The G. Marquis vineyard in Niagara-on-the-Lake is home to carefully tended Pinot vines that were planted in 1994. This wine offers complex notes of dark fruit, chocolate, floral notes, earth and black olive. Elegant and structured, it's a good match for mushroom risotto.",Red Wine,12.50%," Ontario,   Canada ",G. Marquis,3,Pinot Noir,"  April†1,†2022  ",50.000678,-86.000977,2
 Jackson-Triggs Shiraz,49.95,46.95,5,-1,  4000 ml bagnbox ,"Deep brick red colour; Rich, upfront plummy, blood orange and blackberry fruit aromas and flavours with notes of chocolate, earth and spice; extra dry, medium-bodied with moderate tannins.",Red Wine,13%,  Canada ,Jackson-Triggs,14,Shiraz/Syrah,,61.0666922,-107.991707,3
 20 Bees Cabernet Merlot VQA,13.95,12.45,3.5,-8,  750 ml bottle ,"Bees are hardworking, unselfish and in tune with their environment - all qualities that would also describe Ontario winegrowers! Enjoy lifted aromas and flavours of cedar, bell pepper and black plum with herbal, leafy notes. Serve with grilled meats or a selection of local cheeses.",Red Wine,12.20%," Ontario,   Canada ",20 Bees,5,Cabernet/Merlot,,50.000678,-86.000977,1.5
 LVE John Legend Signature Series Cabernet Sauvignon 2019,34.95,31.95,N/A,0,  750 ml bottle ,"'LVE' stands for Legend Vineyard Exclusive and is the result of a collaboration between award-winning musician John Legend and award-winning vintner JC Boisset. This wine blends fruit from three North Coast vineyards - one each in Rutherford, St. Helena and Yountville - and spent 18 months in French oak. Expect a complex chorus of dark fruit, smoke and spices.",Red Wine,14.50%," California,   United States ",,5,Cabernet Sauvignon,"  February†18,†2023  ",36.7014631,-118.755997,3
 Grow Wild Enchanting White VQA,15.95,13.95,5,-4,  750 ml bottle ,"A spellbinding white blend will have you dreaming of an orchard, blooming with apple and pear blossoms. This wine has aromatic notes of ripe pear, tart apple, and hints of elderflower. The nose provides the suggestion of sweetness, but the finish is crisp and dry. Pair with smashed avocado toast, or hummus and pita.",White Wine,11.50%," Ontario,   Canada ",Grow Wild,5,White Blend,,50.000678,-86.000977,2
 Ghost Pines Winemaker's Blend Merlot,22.95,20.95,4.2,-5,  750 ml bottle ,"Ghost Pines looks beyond regional boundaries to find the best grapes available throughout California for their wines. This one comes from prime sites in Sonoma, Lake and Napa counties and brings a whack of ripe and rich dark fruit with notes of prune, chocolate, herbs and toast, with floral hints. This velvety, lush wine will be a great option for Merlot's classic pairing of lamb, but try it with shepherd's pie, duck, or roasted pork loin.",Red Wine,14.50%," California,   United States ",Ghost Pines,4,Merlot,"  April†1,†2021  ",36.7014631,-118.755997,2
 Peller Family Vineyards Shiraz,18.95,16.95,3,-2,  1500 ml bottle ,"Soft and generous with upfront black plum and licorice flavours supported by a hint of coffee beans on the finish. Shiraz is a great choice for entertaining; serve with barbecued ribs, smoked brisket, burgers with cheese and mushrooms or a charcuterie platter.",Red Wine,13.10%,  Canada ,Peller Family Vineyards,6,Shiraz/Syrah,,61.0666922,-107.991707,2
 Megalomaniac Much Obliged White VQA,15.95,14.95,5,-1,  750 ml bottle ,"A fresh, elegant, unoaked Ontario chardonnay that honours our brave healthcare workers. A portion of proceeds from each bottle sold is donated to first responders and healthcare charities. The wine shows aroma and flavours of peach, apricot and citrus with notes of white flower. Perfect with seafood salad or grilled salmon.",White Wine,13%,  Canada ,Megalomaniac,9,Chardonnay,,61.0666922,-107.991707,1
 Wayne Gretzky Chardonnay VQA,16.95,14.95,4.7,-3,  750 ml bottle ,"Clear, medium lemon yellow. Aromas of green apple, citrus and mineral are combined with a rich mouthfeel showing crisp green apple flavours, finishing with a lingering citrus note.",White Wine,12.70%," Ontario,   Canada ",Wayne Gretzky,6,Chardonnay,,50.000678,-86.000977,2
 Yellow Tail Cabernet Sauvignon,25.95,23.95,3,-3,  1500 ml bottle ,"Deep purple with intense aromas of prune and candy/vanilla. The palate is rich with confectionary black fruit, black olive and wood spice. The finish is rich and mellow.",Red Wine,13.50%,  Australia ,Yellow Tail,10,Cabernet Sauvignon,,-24.7761086,134.755,2
 Honest Lot Sauvignon Blanc,13.95,12.95,3.8,-4,  750 ml bottle ,"Sauvignon blanc produces an aromatic and flavourful wine. This lovely, dry example is bursting with bright citrus aromas and flavours of grapefruit, along with herbaceous and smoky notes. Serve alongside baked goat cheese salad, roasted vegetable quiche or a bowl of steamed mussels.",White Wine,12%,  Canada ,Honest Lot,2,Sauvignon Blanc,,61.0666922,-107.991707,1
 Wakefield Promised Land Shiraz,17.05,15.05,4.3,-6,  750 ml bottle ,"The Wakefield Promised Land series of wines were created for immediate enjoyment; the shiraz is soft and fruity with upfront aromas of nutmeg, plum, herbs and vanilla. The palate is dry with moderate acid, medium tannins and a medium weight body; look for flavours of spice, dark plum and vanilla on a medium finish.",Red Wine,14%," South Australia,   Australia ",Wakefield,5,Shiraz/Syrah,,-30.5343665,135.6301212,2
 Joliesse Chardonnay,16.95,14.95,N/A,0,  750 ml bottle ,"This Californian Chardonnay is lightly oaked with peachy tropical flavours. Tropical citrus aromas are followed by ripe melon pear flavours, with a hint of minerality and a smooth finish. Perfect with crab salad, Thai shrimp salad or orange cashew chicken.",White Wine,14%," California,   United States ",,5,Chardonnay,,36.7014631,-118.755997,2
 Wayne Gretzky Cabernet Merlot VQA,16.95,14.95,3.8,-4,  750 ml bottle ,"This bold and fruit forward expression of cabernet merlot blend shows its versatility. The ruby red colour is filled with an aromatic bouquet of cedar, black currant and chocolate with the notes of toast and nuts. These same flavours are reflected on the palate and supported by soft medium tannins and a dry finish.",Red Wine,12.50%," Ontario,   Canada ",Wayne Gretzky,5,Cabernet/Merlot,,50.000678,-86.000977,2
 Girls' Night Out White Sangria,10.95,9.95,3.6,-8,  750 ml bottle ,"This ready to serve sangria will be a lively addition to any girls' night in. Sure to quench your thirst with aromas and flavours of citrus, berry and tropical fruit - mango, pineapple with a hint of peach. Enjoy with fruit based desserts and good friends.","Flavoured Wine	",6.80%,  Canada ,Girls' Night Out,67,,,61.0666922,-107.991707,1
 Rosehall Run Unoaked Chardonnay VQA,16.95,15.95,5,-1,  750 ml bottle ,"Established in 2000, Rosehall Run is among the founding wineries of Prince Edward County. Their Liberated Chardonnay is fermented in stainless steel and unoaked. It possesses aromas of green apple and lemon-lime with flavours of green apple, stone fruit and citrus, then a crisp finish. Pair with Caesar salad or fish tacos.",White Wine,13%," Ontario,   Canada ",Rosehall Run Vineyard,2,Chardonnay,,50.000678,-86.000977,1
 Matua Pinot Grigio Marlborough,19.95,17.95,N/A,0,  750 ml bottle ,"An inviting pinot grigio from an award-winning winery. Pale straw, with aromas and flavours of baked pear, white peach, citrus, and white flower. It's light-bodied and crisp with a refreshingly clean finish. Try with rotisserie chicken alongside fingerling potatoes or seared scallops with a lemon butter drizzle.",White Wine,13%," Marlborough,   New Zealand ",Matua,6,Pinot Grigio,,-36.7846223,174.723989,2
 Allegrini Palazzo della Torre 2019,24.95,21.25,4.8,-5,  750 ml bottle ,"Intense nose with hints of coffee and black chocolate to the raspberry jam and dark cherries. Nicely dry and bitter with dark-chocolate character that extends to the long, polished finish with silky tannins. Drink or hold. Score - 93. (jamessuckling.com, Sept. 6, 2022)",Red Wine,14%," Veneto,   Italy ",Vintages Front Line Release,6,Corvina/Rondinella/Sangiovese,"  December†17,†2022  ",45.6476663,11.8665254,3.7
 Fielding Riesling VQA,16.95,15.95,5,-1,  750 ml bottle ,"Clear pale straw colour; yeasty, minerally, forest floor, nuts and spice aromas; light to medium body; round, savory fruit flavours with medium balanced acidity and medium finish.",White Wine,10.50%," Ontario,   Canada ",Fielding Estate,19,Riesling,,50.000678,-86.000977,1
 Rocca Delle Macie Moonlite Toscana IGT,16.65,14.65,N/A,0,  750 ml bottle ,"Straw yellow colour, this refreshing Chardonnay shows aromas of broom flowers, apples and exotic fruits. Fresh and fruity on the palate with perfectly balanced mineral and citrus fruit notes. Moonlite is very versatile and pairs well with many chicken and pasta dishes; serve chilled.",White Wine,13%," Tuscany,   Italy ",,7,Chardonnay,,43.4586541,11.1389204,2
 Remy Pannier Sauvignon Blanc Val De Loire IGP,16.3,15.3,4.5,-2,  750 ml bottle ,"Sauvignon blanc from Loire Valley is a classic that is often emulated but rarely replicated. Pouring a bright straw this is aromatic with notes of spices, nuts, herbs, grapefruit and pear; the palate is light-plus, extra-dry and flavourful with hints of lees, nuts, grapefruit and light florals followed by a subtle finish.",White Wine,11.50%," Loire,   France ",Remy Pannier Sauvignon Blanc,2,Sauvignon Blanc,,47.6150993,-0.9784603,1
 Funf 5 Riesling Rhein,14,12,N/A,0,  750 ml bottle ,"Bright straw colour; smoky, floral and mineral aromas; medium sweet; spicy and mineral flavours with clean finish.",White Wine,9%,  Germany ,Funf,32,Riesling,,51.1638175,10.4478313,2
 Chamisal San Luis Obispo Pinot Noir 2021,34.95,30.95,N/A,0,  750 ml bottle ,"We bang the 'coastal influence' drum quite a bit, and for good reason. The Pacific Ocean's fogs and breezes produce long, cool growing seasons that ensure wines with superb vibrancy, drive and energy. This Pinot Noir is a classic example, with its bright juicy dark cherry and raspberry fruit, cinnamon spice and delicate tannins all riding on that perfect, lively Pacific Ocean acidity.",Red Wine,13%," California,   United States ",Chamisal,2,Pinot Noir,"  March†4,†2023  ",36.7014631,-118.755997,4
 Faustino I Gran Reserva,31.95,28.95,4.8,-4,  750 ml bottle ,"When it comes to red wines, Rioja is king in Spain. With its distinctive bottle and classic sandalwood, strawberry preserve, vanilla, floral and black olive notes, the Faustino I Gran Reserva is one of the most recognizable, popular wines from this historic region. Try it with a mushroom risotto.",Red Wine,13.50%," Rioja,   Spain ",Faustino,2,Tempranillo Blend,"  April†1,†2021  ",36.9451184,-2.4626985,3
 Fiol Prosecco DOC,17.9,14.9,5,-2,  750 ml bottle ,"Clear pale straw colour with persistent bubbles; aromas of pear, citrus and green apple with notes of white flowers and banana; dry, light to medium bodied, balanced acidity, flavours of green apple, pear and citrus, with notes of almond, bread and yeast.",White Sparkling Wine,11%," Veneto,   Italy ",Fiol,15,Glera,,45.6476663,11.8665254,3
 Wayne Gretzky Sauvignon Blanc VQA,16.95,14.95,5,-1,  750 ml bottle ,"Wayne Gretzky's success in the wine world the result of hard work, dedication, and teamwork, evident with this intriguing and aromatic sauvignon blanc. Teeming with aromas of white grapefruit and gooseberry, the palate shows classic grassy notes and well-balanced acidity. Pair with basil pesto pasta or spinach quiche.",White Wine,12.80%," Ontario,   Canada ",Wayne Gretzky,3,Sauvignon Blanc,,50.000678,-86.000977,2
 McManis Petite Sirah 2021,22.95,20.95,4.7,-12,  750 ml bottle ,"The McManis family sources fruit for this super-popular Petite Sirah from its own estate vineyards, which are certified sustainable under the Lodi Rules program. The wine is fermented in stainless steel before ageing in a combo of French and American oak. Expect a robust wine overflowing with spicy, earthy dark fruit and toasty toffee notes, and pour with tourti√®re, glazed ham or ribs.",Red Wine,13.50%," California,   United States ",McManis,8,Petite Sirah,"  April†1,†2023  ",36.7014631,-118.755997,2
 Pelee Island Lola Cabernet Franc Cabernet Sauvignon VQA,44.95,40.95,N/A,0,  3000 ml bagnbox ,"In Ontario's southwestern edge, Pelee Island Winery enjoys plenty of sunshine during growing season. Expect vibrant aromas and flavours of cedar, dark berries and fruits, with mint, spicy and herbal notes. Medium-bodied and fruity with a dry finish, this is a great match for a charcuterie board with deli meats and cheeses.",Red Wine,12.50%," Ontario,   Canada ",,6,Named Varietal Blends-Red,,50.000678,-86.000977,4
 Altanza Gran Reserva 2015,30.95,28.95,5,-1,  750 ml bottle ,"100% Tempranillo. Beautiful and deep Gran Reserva. You can really taste classicism here. It has an elegant texture, well-integrated tannins, lots of complexity and notes of roasted fruits, sweet spices, cigar box, dried herbs and sweet oak. Fresh acidity enlivens the vivid, spicy and impressively long finish.[Will cellar into the early 2030s.] Score - 96. (Decanter World Wine Awards, 2022)",Red Wine,13.50%," Rioja,   Spain ",Vintages Front Line Release,2,Tempranillo,"  February†18,†2023  ",36.9451184,-2.4626985,2
 Trerose Santa Caterina Vino Nobile di Montepulciano 2019,25.25,23.25,N/A,0,  750 ml bottle ,"In the far eastern reaches of Montepulciano, Tenuta Trerose approaches the boundary of Umbria and Lake Trasimeno. The latter takes the edge off the continental climate, giving an extra push of ripeness which shows through in the lush, fleshy fruit in 2019. It's laden with plush red berries yet remains midweight and mouth cleansing. Powdery tannins layer up across the palate, while touches of pepper and violet add dimension. Drinking window: 2022-2029. Score - 91. (Michaela Morris, decanter.com, March 23, 2022)",Red Wine,13.60%," Tuscany,   Italy ",Vintages Front Line Release,2,Sangiovese,"  January†21,†2023  ",43.4586541,11.1389204,2
 McManis Chardonnay 2021,20.95,18.95,4,-5,  750 ml bottle ,"McManis has been family-owned for five generations and is certified sustainable under the Lodi Rules. This super-popular California Chardonnay has the butter and apple flavours that for many define the style, but a lighter touch of oak makes this a more flexible option than many of its peers for food pairing or even for chilling and sipping on its own.",White Wine,13.50%," California,   United States ",McManis,6,Chardonnay,"  February†18,†2023  ",36.7014631,-118.755997,2
 Chamisal Santa Rita Hills Chardonnay 2016,39.95,35.95,4,-1,  750 ml bottle ,"A brilliant wine, the 2016 Chardonnay Sta Rita Hills comes from a handful of top vineyards (Peake Ranch, Zotovich, La Rinconada, etc.) and spent 13 months in 35% new French oak. It boasts a vibrant gold color as well as terrific notes of white flowers, apple blossoms, citrus, and notable salty, mineral-like subtleties. Clean, medium-bodied, fresh, and focused on the palate, with both richness and freshness, drink it over the coming 5-7 years. Maturity 2018-2025. Score - 93. (jebdunnuck.com, Nov. 29, 2018)",White Wine,14.20%," California,   United States ",Chamisal,2,Chardonnay,"  February†18,†2023  ",36.7014631,-118.755997,4
 Ironstone Reserve Old Vine Zinfandel 2019,38.95,34.95,N/A,0,  750 ml bottle ,"Deeply colored, silky, and luscious, with lovely spice and deep flavors that go long on the palate. A fine example of a premium Lodi Zinfandel.  Score - 92. (Anthony Dias Blue, tastingpanelmag.com, Nov./Dec. 2021)",Red Wine,14.50%," California,   United States ",,5,Zinfandel,"  February†18,†2023  ",36.7014631,-118.755997,4
 689 Cellars Submission Red 2020,20.95,18.95,4,-2,  750 ml bottle ,"Big, ripe, and easy-to-love, this red blend combines Zinfandel, Grenache, Malbec and Petite Sirah sourced from sites in Sonoma, Mendocino, Napa, Lodi and Paso Robles. It shows silky blackberry, cherry and spice, with a driving freshness from the racy acidity that makes it exceptionally food-friendly.",Red Wine,14.50%," California,   United States ",Vintages Front Line Release,9,Red Blend,"  February†4,†2023  ",36.7014631,-118.755997,2
